{"vib": 0.030822460247649307, "cur": 0.0537589345074179}